Draw ,NLA,Draw#,SUP6
3463,06-09-12-20-23 BB: 29 Letter: K,2548,03-12-16-17-18-23   Letter: C
3462,02-03-09-10-22 BB: 01 Letter: H,2547,01-04-06-26-27-28 Letter: G
3461,01-07-09-18-35 BB: 20 Letter: L,2546,04-11-13-14-19-25 Letter: J
3460,02-08-10-15-31 BB: 07   Letter: E,2545,03-06-08-12-18-26 Letter: A
3459,02-06-08-11-20 BB: 30 Letter: I,2544,03-09-10-26-27-28 Letter: N
,,2543,08-15-16-20-23-28 Letter: K
3458,02-08-15-18-35 BB: 13 Letter: F,,
3457,05-09-19-23-33 BB: 11 Letter: N,2542,04-07-10-19-25-27 Letter: O
,,2541,02- 06- 11- 14- 24- 25 Letter: L
3455,11 21 25 30 35 F BB-27,2539,01 04 05 13 14 25 Letter: O
3454,05 06 08 22 25 J BB-04,2538,02 06 09 10 16 17 A
3453,03 04 10 21 32 F BB-14,2537,02 06 09 14 15 20 D
3452,11 24 32 35 36 L BB-20,2536,01 03 04 12 22 25 N
3451,02 23 25 32 34 H BB-31,2535,02 07 11 13 14 16 L
3450,08 14 16 25 35 C BB-21,2534,03 11 16 20 21 28 K
,,2533,06 09 10 20 26 27 N
3449,07 10 18 19 20 N BB-32,2532,01 03 08 14 17 22 D
3448,07 09 12 27 31 O BB-04,2531,01 05 07 08 23 27 J
3447,01 17 19 27 36 G BB-12,2530,06 07 14 19 24 25 D
3446,01 12 22 25 28 O BB-16,2529,01 08 22 26 27 28 N
3445,14 15 26 29 31 N BB- 07,2528,04 08 17 19 23 28 I
3444,04 13 16 29 34 C BB- 09,2527,02 03 05 15 22 23 B
,,2526,03 05 16 18 20 25 N
3443,03 11 13 16 17 L BB- 12,,
3442,04 16 25 29 32 E BB- 20,2525,05 07 12 14 16 18 F
3441,14 21 23 30 34 H BB- 10,2524,01 12 13 16 26 27 J
3440,09 10 24 34 36 O BB- 06,2523,08 11 21 25 27 28 J
3439,04 14 17 26 33 D BB- 18,2522,04 08 10 11 16 28 M
3438,17 27 28 32 33 C BB- 16,2521,05 06 10 14 19 27 L
3437,14 20 25 28 31 O BB- 26,2520,03 04 07 18 21 27 O
3436,07 17 23 27 34 C BB- 20,2519,10 15 19 24 25 27 K
3435,02 03 08 11 24 D BB- 06,2518,03 08 18 21 24 26 J
3434, 09 10 26 32 36   K   BB- 29,2517,05 09 10 15 17 19 H
3433,10 18 27 28 29 B BB- 20,2516,01 07 18 23 25 26 D
3432,07 08 09 31 33      A   BB- 17,2515,02 06 09 10 13 25 G
3431,02 08 09 25 29 F BB- 15,2514,02 07 11 17 19 26 A
3430,06 09 13 27 36     D   BB- 14,2513,04 08 12 15 17 18 M
3429,19 21 27 29 36 O BB- 08,2512,07 15 19 22 24 25 A
3428,09 13 18 19 28 L BB-16,2511,01 02 13 17 20 23 I
3427,02 09 24 31 35 C BB-16,2510,06 07 09 12 25 26 D
3426,03 19 22 24 30 H BB-01,2509,11 14 22 23 25 27 G
3425,02 04 06 18 28 F BB-36,2508,01 07 08 15 19 25 J
3424,34-31-35-03-21 H BB-20,2507,10-05-11-04-07-22 F
3423,01 04 20 22 30 F BB-32,2506,06 08 09 12 22 26 I
3422,04 07 08 22 27 J BB-34,2505, 01 09 13 15 16 19    H
3421,04 10 12 15 16 D BB-18,2504,02 10 17 19 20 26 G
3420,01 05 08 33 34 N BB-14,2503,04 06 17 18 23 28 M
,,2502,03 08 11 13 18 24 O
3419,01 13 14 26 29 J BB-07,,
3418,15 17 18 19 28 L BB-20,2501,05 06 10 16 18 26 D
3417,03 06 20 32 33 K BB-22,2500,04 06 09 14 22 28 B
,,2499,02 05 12 14 15 17 M
3416,05 10 14 34 36 I BB-17,2498,04 08 19 22 23 24 G
3415,01 15 20 27 29 G BB-24,2497,05 07 14 15 20 25 C
3414,02 19 23 25 30 N BB-26,2496,03 04 11 12 17 25 A
3413,28 30 31 34 35 H BB-32,2495,01 03 05 09 15 26 A
3412,03 06 18 25 31 K BB-09,2494,02 07 08 09 13 17 G
,,2492,12 14 19 22 25 26 C
3411,04 06 07 16 26 L BB-19,2493,01 10 11 12 17 26 C
3410,20 22 29 32 34 O BB-19,2491,01 03 05 23 25 27 N
3409,14 16 19 25 29 L BB-22,2490,04 07 19 23 25 26 E
3408,04 05 09 21 34 G BB-18,2489,01 04 15 19 22 24 M
3407,06 12 16 26 36 J BB-08,2488,01 03 11 24 25 28 C
3406,04 11 23 34 35 C BB-33,2487,02 05 09 14 23 25 K
3405,01 13 15 19 27 N BB-29,2486,13 16 20 21 22 28 J
3404,04 09 22 24 30 I BB-07,2485,06 07 09 11 21 23 J
3403,13 15 23 34 36 J BB-01,2484,08 09 14 15 22 26 I
3402,01 06 08 15 35 C BB-18,2483,02 08 12 14 17 26 K
3401,01 02 10 23 30 C BB-34,2482,05 06 20 24 26 27 K
3400,04 06 16 17 18 D BB-22,2481,07 08 10 11 14 28 H
3399,03 13 31 34 35 H BB-29,2480,09 10 13 17 20 22 E
3398,03 10 12 26 31 G BB-35,2479,06 12 13 24 25 27 B
3396,03 20 23 25 28 F BB-30,2478,05 08 13 20 24 26 J
3396,01 03 15 27 35 C BB-30,2477,01 04 14 15 24 28 K
3395,02 06 17 23 36 L BB-25,2476,02 08 16 24 26 27 E
3394,01 18 19 30 35 J BB-06,2475,01 06 11 13 14 17 J
3393,03 06 11 14 24 C BB-23,2474,06 11 13 16 22 28 G
3392,01 09 12 23 27 E BB-24,2473,02 10 12 15 20 28 C
3391,02 06 14 19 29 K BB-22,2472,05 06 07 13 27 28   C
3390,04 15 18 27 34 K BB-26,2471,01 02 16 17 21 26 L
3389,03 13 30 31 34 K BB-16,2470,02 04 06 15 18 21 C
,,2469,03 12 14 16 24 28 B
3388,02 03 10 19 21 I BB-17,2468,03 13 16 18 25 27 I
3387,01 05 11 15 30 G BB-29,2467,05 09 10 19 24 28 K
3386,08 10 25 30 32 H BB-21,2466,13 14 16 19 23 27 M
3385,07 17 23 25 31 C BB-03,2465,01 08 20 21 26 27 F
3384,03 09 17 28 32 C BB-26,2464,06 07 10 11 22 28 L
3383,06 13 22 26 33   A   BB-09,2463,02 03 10 16 22 24 A
3382,02 06 26 28 29 A BB-03,2462,09 17 18 19 21 24 A
3381,12 13 18 24 35 H BB-05,2461,02 05 06 12 14 21 C
3380,04 14 20 24 28 M BB-03,2460,04 10 14 18 20 25 C
,,2459,01 05 08 09 17 19 F
3379,04 23 28 30 36 I BB-07,2458,04 05 15 16 17 22 J
3378,01 02 18 24 35 M BB-15,2457,02 08 09 14 15 21 M
3377,08 11 22 27 35 N BB-28,,
3376,11 24 27 29 35 K BB-23,2455,07 13 16 18 20 28 E
3375,13 18 19 24 28 I BB-21,2454,01 05 11 19 22 26 E
3374,04 10 16 22 32   M   BB-36,2453,03 08 18 21 24 26   C
3373,03 06 24 29 30 L BB-23,2452,07 09 16 17 18 23 K
3372,03 04 05 06 07 C BB-36,2451,02 11 12 13 17 20 G
3371,03 19 23 26 29 D BB-33,2450,01 06 08 09 14 27 G
3370,07 12 16 21 32 L BB-36 ,2449,05 09 10 14 23 27 J
3369,06 16 17 20 31 D BB-33,2448,01 08 10 12 25 26 I
3368,10 31 33 34 36 H BB-14,2447,01 04 17 20 21 28 O
3367,17 25 26 28 33 N BB-23 ,2446,05 06 07 11 21 24 I
3366,10 20 28 32 35 B BB-17,2445,02 08 18 19 24 25 I
3365,08 11 17 22 30 J BB-09,2444,03 09 11 26 27 28 I
3364,06 19 21 24 27 L BB-28 ,2443,01 03 08 10 18 28 G
3363,19 24 27 32 34 M BB-13,2442,01 03 10 11 25 26 J
3362,06 09 12 22 33 I BB-31 ,2441,10 12 20 24 26 27 I
3361,02 16 27 30 34 D BB-14 ,2440,01 13 15 18 20 23 A
3360,05 17 25 30 33 K BB-24 ,2439,01 03 13 18 19 27   D
3359,04 12 16 25 27 H BB-21 ,2438,01 12 18 19 23 28 G
